symbol,session_date,selected_at,entry_time,exit_time,exit_reason,net_pnl,won,entry_minutes,signal_minutes,stop_risk_pct,first15_range_pct,breakout_pct,c2_range_pct,c2_body_pct,c2_relative_volume,c3_body_pct,c3_close_position,stock_history_bars,stock_above_vwap,stock_vwap_distance_pct,stock_ema9_over_ema20_pct,stock_ema9_slope_pct,stock_rsi14,stock_macd_hist_pct,stock_atr14_pct,stock_return_15m_pct,stock_return_30m_pct,stock_latest_relative_volume,spy_history_bars,spy_above_vwap,spy_vwap_distance_pct,spy_ema9_over_ema20_pct,spy_ema9_slope_pct,spy_rsi14,spy_macd_hist_pct,spy_atr14_pct,spy_return_15m_pct,spy_return_30m_pct,spy_latest_relative_volume
CRWV,2026-07-10,2026-07-10T10:30:00-04:00,2026-07-10T10:30:15-04:00,2026-07-10T15:45:10-04:00,FORCE_EXIT,-0.5915820000000025,0,60.0,40.0,1.284970650127371,2.9341521664960744,0.5831399845320949,1.5816452154448835,1.57817571348629,1.5073667755725793,0.29659984494407826,0.7331372549019617,9.0,1.0,1.4971410109003276,0.18268242074366858,0.5447179627430079,65.94917940590003,0.14148308554991965,1.2150386371863597,1.5933489565896717,2.174859708193053,1.1362115409876048,9.0,0.0,-0.001979329222624264,0.012070994683208868,0.013164489572945305,52.33415233415025,0.004353862705071884,0.09608564302759275,-0.030547937018125314,0.06181702161600571,0.7462651913429316
FOXA,2026-07-10,2026-07-10T10:30:00-04:00,2026-07-10T10:30:15-04:00,2026-07-10T15:45:10-04:00,FORCE_EXIT,-0.7621129999999994,0,60.0,35.0,1.086366105377502,1.1273027220236496,0.37157875657059686,1.1806699615595753,1.0708401976935764,1.8835371535074996,0.18106101756292128,0.7631578947368391,8.0,1.0,0.7607947504686232,0.00725105689360483,0.2598590760903202,61.25574272588033,0.04389269509990975,0.6410835214446976,1.345168374816983,0.8835853525232272,0.8764751549057266,8.0,1.0,0.050392240780703715,0.015963534215056592,0.024096094032136275,64.5454545454563,0.0077296498182975746,0.09941140929794244,0.024572145812449327,0.06112063352865845,0.7903073567755813
DRAM,2026-07-10,2026-07-10T10:32:55-04:00,2026-07-10T10:33:10-04:00,2026-07-10T15:45:10-04:00,FORCE_EXIT,0.7774890000000028,1,62.0,35.0,1.1676270490952678,1.9395285051916593,1.0089686098654749,1.1167349562143494,0.8837470876516498,0.471953407537374,0.37521175514479094,0.9164403593064562,8.0,1.0,1.5608851655275786,0.3123050595398263,0.5929032107482559,76.7857142857141,0.1724711596686959,1.054364198509592,1.2115862954344903,1.9725141471301517,0.3973611221026337,8.0,1.0,0.050392240780703715,0.015963534215056592,0.024096094032136275,64.5454545454563,0.0077296498182975746,0.09941140929794244,0.024572145812449327,0.06112063352865845,0.7903073567755813
SMCI,2026-07-10,2026-07-10T10:32:55-04:00,2026-07-10T10:33:10-04:00,2026-07-10T15:45:10-04:00,FORCE_EXIT,0.4355759999999975,1,62.0,25.0,1.1832147788244745,3.188821211035473,0.4340277777777778,1.3679410733076007,0.5962820063135801,2.2166639006014663,0.47188772567594095,0.8877980364656407,6.0,1.0,1.2328043848370571,0.2607156476077243,0.5141858457392038,73.91304347826099,0.13801379945926,1.4372803226735804,1.830663615560639,0,1.113912010225377,6.0,1.0,0.03866788463797305,0.008824436890192409,0.026985411136353915,61.64874551971192,0.004983666551838004,0.10315462790177912,0.09239318284543568,0,0.9372763250925599
AVAV,2026-07-14,2026-07-14T10:30:00-04:00,2026-07-14T10:30:20-04:00,2026-07-14T15:45:10-04:00,FORCE_EXIT,-0.30935699999999855,0,60.0,25.0,1.6825917572278113,2.8405695201265546,0.6631798448022612,1.8926782779377267,1.2813169444815915,1.843820629744855,0.2973139224933376,0.7773109243697589,6.0,1.0,1.441421499940132,0.5181527482612179,0.8089075565856986,95.62043795620463,0.25196281837407936,1.275206302849186,1.5517445918618051,0,0.8572475534193594,0.0,0.0,0,0,0,50,0,0,0,0,0
AEVA,2026-07-14,2026-07-14T10:43:05-04:00,2026-07-14T10:43:20-04:00,2026-07-14T11:11:10-04:00,TAKE_PROFIT,1.5572009999999992,1,73.0,65.0,1.7247246077978313,3.1217208814270854,0.9412363266344376,2.6929052304505414,1.9419989642672193,1.479130410001636,0.3301151340013574,0.6946246524559787,14.0,1.0,2.257556291585748,0.5571895024688533,0.9371844647576995,76.3567231247842,0.24429440820831855,1.2992151497695847,2.4264326277749038,2.957965749870266,1.3717983342987705,0.0,0.0,0,0,0,50,0,0,0,0,0
CDE,2026-07-17,2026-07-17T10:30:00-04:00,2026-07-17T10:30:15-04:00,2026-07-17T15:45:10-04:00,FORCE_EXIT,0.12937699999999808,1,60.0,35.0,1.5288394718554597,3.445800430725057,0.24288688410825915,1.5114235500878725,0.98418277680141,1.0872296567858357,0.17373175816539507,0.5238095238095278,8.0,1.0,1.8950702268635105,0.8525489752502005,1.116483018456346,93.1635617843105,0.3616299073539383,1.4148494288681188,1.6895459345300967,2.7748132337246574,0.43011319262365977,0.0,0.0,0,0,0,50,0,0,0,0,0
BOT,2026-07-17,2026-07-17T10:32:10-04:00,2026-07-17T10:32:25-04:00,2026-07-17T12:46:45-04:00,TAKE_PROFIT,1.7813480000000013,1,62.0,35.0,1.9707882801256928,6.9729841514541855,1.9332161687170502,2.7104136947218316,1.5156918687589183,0.597847958743835,1.0028113905299423,0.7435568662649059,8.0,1.0,5.177308109500692,1.5609909462952298,2.5039717475621273,84.69531525184924,0.7258315510823381,3.0888362068965516,3.756708407871201,9.041003177229227,0.5006360954242278,0.0,0.0,0,0,0,50,0,0,0,0,0
CELC,2026-07-20,2026-07-20T10:44:20-04:00,2026-07-20T10:44:35-04:00,2026-07-20T15:45:10-04:00,FORCE_EXIT,-0.7336889999999983,0,74.0,40.0,1.253589573669102,2.75519421860885,0.4780219780219805,1.4888752579044149,0.0,1.8609088659826654,0.9388115749944869,0.9421052631579018,9.0,1.0,1.2858223423651483,0.2915018900648443,0.4451767287516646,73.28496042216373,0.13959056295078265,1.3233323004198485,1.6057339704411686,1.9200222934373654,2.7467902398620576,0.0,0.0,0,0,0,50,0,0,0,0,0
AOSL,2026-07-21,2026-07-21T10:37:15-04:00,2026-07-21T10:37:30-04:00,2026-07-21T11:27:15-04:00,TAKE_PROFIT,1.5559330000000031,1,67.0,60.0,1.5088757396449648,2.5948201193104863,0.7752859758852652,1.3146100985957505,0.9560800717060062,2.4223901031823134,0.2958579881656847,1.0,13.0,1.0,1.8879804302076475,0.35819295124387707,0.814137533253205,73.48484848484838,0.22813449450801082,1.0133197186294514,1.6491754122938445,2.385986106916337,0.27996046454163576,0.0,0.0,0,0,0,50,0,0,0,0,0
MSTU,2026-07-22,2026-07-22T10:14:05-04:00,2026-07-22T10:14:20-04:00,2026-07-22T15:45:10-04:00,FORCE_EXIT,-0.6517830000000018,0,44.0,30.0,2.3923444976076556,2.682926829268296,0.4750593824227927,1.9323671497584645,0.9661835748792409,0.6538016476755052,0.47846889952152094,0.6249999999999967,7.0,1.0,1.345157805976327,0.04712310494611522,0.4043216918637788,62.91989664082687,0.0653016337019283,1.925025329280652,2.356869767216756,0.9546539379474906,1.8677851186702406,0.0,0.0,0,0,0,50,0,0,0,0,0
BBAI,2026-07-22,2026-07-22T10:30:00-04:00,2026-07-22T10:30:15-04:00,2026-07-22T15:45:10-04:00,FORCE_EXIT,-1.2914680000000018,0,60.0,30.0,1.5280135823429517,2.7874564459930338,0.3389830508474504,1.3698630136986314,0.8561643835616561,1.144370274665947,0.3395585738539826,1.0,7.0,1.0,1.2788537192457112,0.05972162922635216,0.3983575143717464,59.99999999999993,0.08232670720544397,1.2702702702702742,1.3698630136986314,0.8517887563884127,0.7122593889466005,0.0,0.0,0,0,0,50,0,0,0,0,0
CIEN,2026-07-22,2026-07-22T10:30:00-04:00,2026-07-22T10:30:15-04:00,2026-07-22T15:45:10-04:00,FORCE_EXIT,-0.8750649999999993,0,60.0,25.0,1.4826977747279706,2.7112152594048404,0.3176900620660933,1.1549745608497097,1.1512608162810507,0.5801910838789611,0.07229683364376431,0.2979797979797979,6.0,1.0,0.8383712091146082,0.09467525714861877,0.19320432506693946,66.76040494938145,0.05913184605128726,1.3551710786411524,0.9953197742624705,0,0.8106990500630697,0.0,0.0,0,0,0,50,0,0,0,0,0
CLS,2026-07-22,2026-07-22T10:30:00-04:00,2026-07-22T10:30:15-04:00,2026-07-22T15:45:10-04:00,FORCE_EXIT,0.21443200000000218,1,60.0,25.0,1.410788381742736,1.9991544361901326,0.2990288962576951,1.4084084084084076,1.3978978978978898,0.5772456936393349,0.320094842916415,0.6523809523809475,6.0,1.0,0.9697116129597456,-0.04115605416277855,0.09026131474489374,57.163323782234954,0.012917864815646989,1.1487636646298849,1.1283918922952842,0,1.0797221730023996,0.0,0.0,0,0,0,50,0,0,0,0,0
INTU,2026-07-22,2026-07-22T10:30:00-04:00,2026-07-22T10:30:15-04:00,2026-07-22T15:45:10-04:00,FORCE_EXIT,-1.1793520000000015,0,60.0,30.0,1.1283017594499158,2.270754487691407,0.061110168052964466,1.1103853690398495,0.7030148853518567,1.3172802104679369,0.3579096847292929,0.6868528713571438,7.0,1.0,0.9734445827091984,0.2250238919055322,0.5058252119923967,78.73303167420794,0.13181999308787598,1.087673463848269,1.1392882879791335,1.3096383885604297,1.267097587185207,0.0,0.0,0,0,0,50,0,0,0,0,0
TTMI,2026-07-22,2026-07-22T10:30:00-04:00,2026-07-22T10:30:15-04:00,2026-07-22T15:45:10-04:00,FORCE_EXIT,-0.1333359999999999,0,60.0,25.0,1.471685317056621,4.1465149359886295,0.7443829816294498,1.3474494706448368,0.8603052385535666,1.7032081462303497,0.04747371990506721,0.08139534883723312,6.0,1.0,1.2702679010773346,0.21220517338654643,0.46320190567357683,81.0769230769235,0.1254287961934458,1.4794491142443988,1.3883161512027562,0,1.0856813616443364,0.0,0.0,0,0,0,50,0,0,0,0,0
RDDT,2026-07-23,2026-07-23T10:07:00-04:00,2026-07-23T10:07:15-04:00,2026-07-23T15:45:10-04:00,FORCE_EXIT,-2.1022589999999965,0,37.0,25.0,0.9811666302979157,4.5853716037013035,0.28317836010143577,1.5794895272976943,0.8670024035710282,1.5967306585429342,0.25514504925567355,0.5379051701044629,6.0,1.0,1.573150998898714,0.37076036768771503,0.6142873791466054,91.03928090800585,0.18654098784432685,1.4413490491376444,0.9659574468085029,0,1.125737726531822,0.0,0.0,0,0,0,50,0,0,0,0,0
VXX,2026-07-24,2026-07-24T10:30:00-04:00,2026-07-24T10:30:15-04:00,2026-07-24T15:45:10-04:00,FORCE_EXIT,-0.027645999999997173,0,60.0,25.0,1.0565524475835162,0.8928571428571557,0.007522123893803499,1.2118491921005365,1.1220825852782765,2.5843724576692004,0.3186992448116913,1.0,6.0,1.0,0.6298474763465703,0.05950294934318509,0.09847869459884101,64.47602131438742,0.04285943924896267,0.6703035612365434,0.6308993766696356,0,0.9317235049070844,0.0,0.0,0,0,0,50,0,0,0,0,0
CEG,2026-07-28,2026-07-28T10:30:00-04:00,2026-07-28T10:30:15-04:00,2026-07-28T15:45:10-04:00,FORCE_EXIT,-0.4641110000000026,0,60.0,25.0,1.2977103561856986,2.782844944692419,0.007552299675244245,1.116903873963012,0.44809346221173957,0.7788278341541903,0.015071646983494363,0.12829957028848613,6.0,1.0,1.2503332487878593,0.2688616614560496,0.6931183725802627,69.31388438681776,0.15597268272717896,1.285650455621005,1.3935681470137775,0,0.4834063286297322,0.0,0.0,0,0,0,50,0,0,0,0,0
FIX,2026-07-30,2026-07-30T10:30:00-04:00,2026-07-30T10:30:15-04:00,2026-07-30T15:45:10-04:00,FORCE_EXIT,-0.26548700000000025,0,60.0,25.0,1.1685928972923703,3.1795776973277263,0.12161132090842759,1.0593843799658644,0.9628626920134263,0.8258639677211461,0.378624098722729,0.716951788491454,6.0,1.0,1.215100475395145,0.4686115018447726,0.8437529413446356,92.10919736793983,0.23939683560914413,1.4455738428993137,1.362850469354273,0,1.3469541472883848,0.0,0.0,0,0,0,50,0,0,0,0,0
FSLY,2026-07-30,2026-07-30T10:30:00-04:00,2026-07-30T10:30:15-04:00,2026-07-30T15:23:55-04:00,TAKE_PROFIT,1.8894850000000005,1,60.0,25.0,1.3090310442144946,3.0420086914533995,0.28116213683223396,1.1853959222380275,0.995732574679947,1.622104755727993,0.5174035747883322,0.9333333333333222,6.0,1.0,1.3719160963116916,0.16142856320130478,0.4191649845958014,65.52863436123351,0.11152850313136714,1.476246105918999,1.3257575757575641,0,0.7307555886579812,0.0,0.0,0,0,0,50,0,0,0,0,0
CDE,2026-08-05,2026-08-05T10:30:00-04:00,2026-08-05T10:30:15-04:00,2026-08-05T15:45:10-04:00,FORCE_EXIT,-0.03564699999999732,0,60.0,45.0,1.513853184804345,3.6838978015448665,0.37249283667622507,1.0368663594470031,0.8064516129032291,2.494288965833239,0.0291345329905874,0.11904761904763818,10.0,1.0,1.721439284378903,0.6584088010962562,0.9383671943118924,81.9672131147541,0.29379016309043987,1.1127604910077107,1.5656712090460978,2.5468384074941586,1.3660162518007768,0.0,0.0,0,0,0,50,0,0,0,0,0
CVS,2026-08-05,2026-08-05T10:30:00-04:00,2026-08-05T10:30:15-04:00,2026-08-05T14:10:35-04:00,TAKE_PROFIT,1.0148560000000018,1,60.0,25.0,1.0631263034742373,5.026737967914442,0.5957230142566128,1.0019425416624106,0.6338820161537722,0.8224932674326222,0.17803550536649593,0.8305084745762578,6.0,1.0,2.0310638704424226,0.8416071874167935,1.1097981675605533,96.05929342934283,0.37116665660746095,1.3546253648495934,0.6673793260171933,0,0.4793342518391369,0.0,0.0,0,0,0,50,0,0,0,0,0
MSTU,2026-08-05,2026-08-05T10:30:00-04:00,2026-08-05T10:30:15-04:00,2026-08-05T15:30:50-04:00,TAKE_PROFIT,1.9294209999999978,1,60.0,25.0,1.5625000000000038,4.0992448759439135,0.2797927461139818,2.1052631578947296,0.4842105263158015,1.2936499689474796,0.5416666666666625,0.38693467336683424,6.0,1.0,1.5164470116340885,0.7723221078155518,1.1084728978198888,100,0.3538267924783363,2.1597602562777682,1.46264744429882,0,1.011592694223222,0.0,0.0,0,0,0,50,0,0,0,0,0
AXTI,2026-08-05,2026-08-05T10:30:35-04:00,2026-08-05T10:31:05-04:00,2026-08-05T15:45:10-04:00,FORCE_EXIT,-2.8084559999999996,0,60.0,55.0,0.5322778763477557,18.674121405750807,0.05370843989768303,2.0994475138121493,0.36367403314917257,0.3975259196532798,1.4465674901050896,0.5386491843268765,12.0,1.0,2.4867304529235197,1.231646191779518,0.20895055127896572,70.50667733706787,0.14125641831876054,3.5990115238506553,1.3221101417666243,-2.2489479221462534,0.5865713059394276,0.0,0.0,0,0,0,50,0,0,0,0,0
ERAS,2026-08-06,2026-08-06T10:30:00-04:00,2026-08-06T10:30:15-04:00,2026-08-06T15:45:10-04:00,FORCE_EXIT,-0.8664150000000035,0,60.0,35.0,1.1930010604453758,2.836879432624131,0.6312997347480093,1.5532940546330964,1.1783610069630552,3.4680406436211975,0.10074231177095389,0.9083333333333405,8.0,1.0,1.3428530605218827,0.4536160420207038,0.7628720637854526,86.78077203204691,0.21809188058436382,1.0856529073751917,1.7104557640750813,1.7104557640750813,0.7599345600616397,0.0,0.0,0,0,0,50,0,0,0,0,0
FSLY,2026-08-07,2026-08-07T10:30:00-04:00,2026-08-07T10:30:15-04:00,2026-08-07T15:45:10-04:00,FORCE_EXIT,-2.159047000000001,0,60.0,30.0,1.8425460636515818,5.060773480662982,1.304164913756831,1.4394580863674846,1.1867061812023727,1.2371564711799858,0.628140703517582,0.3401360544217669,7.0,1.0,2.0893895173530725,1.2116839716009995,1.5503427305242643,99.98361193051463,0.5098360758168673,1.989143331751306,2.445852176761637,5.336832895888009,2.497485124415671,0.0,0.0,0,0,0,50,0,0,0,0,0
BOT,2026-08-07,2026-08-07T10:31:20-04:00,2026-08-07T10:32:35-04:00,2026-08-07T11:37:55-04:00,TAKE_PROFIT,1.957683000000003,1,61.0,50.0,2.335492669621544,3.920171062009984,1.6803840877914897,2.233077459874391,1.988834612700629,7.78511573868287,0.971701329696557,0.8650986753176513,11.0,1.0,2.5778189044447037,0.3522891873021539,0.9965863822046175,75.07331378299124,0.24616920791384536,1.1696458684654285,3.4542916957431906,3.3101045296167224,5.1010456445352395,0.0,0.0,0,0,0,50,0,0,0,0,0
ANET,2026-08-10,2026-08-10T10:30:00-04:00,2026-08-10T10:30:15-04:00,2026-08-10T15:45:10-04:00,FORCE_EXIT,-0.274560000000001,0,60.0,35.0,1.9034090909090922,3.3256696786611766,0.9055627425614489,1.1584824923028747,1.0358503365861218,1.8050965241050154,0.7128099173553696,0.9150326797385652,8.0,1.0,1.9657124685600615,0.4048134972440609,0.9990120024293762,69.81132075471696,0.25151497975515824,1.2565705128205122,2.678865266899233,4.037453483253969,1.2768398977873794,0.0,0.0,0,0,0,50,0,0,0,0,0
SKHY,2026-08-10,2026-08-10T10:30:00-04:00,2026-08-10T10:30:15-04:00,2026-08-10T15:45:10-04:00,FORCE_EXIT,-0.37491500000000144,0,60.0,40.0,1.204032784507142,2.3756330056598136,0.5055648505128342,1.1342846688620438,0.8755945847054626,1.5826388310687955,0.20308986726626616,0.24380165289255004,9.0,1.0,1.1778416972787709,0.431575751045536,0.6320490343210942,80.95238095238086,0.1909923216815999,1.2460785614623393,1.2642919964819659,1.554575523704506,1.5599069872724372,0.0,0.0,0,0,0,50,0,0,0,0,0
STX,2026-08-10,2026-08-10T10:30:00-04:00,2026-08-10T10:30:15-04:00,2026-08-10T15:45:10-04:00,FORCE_EXIT,-0.3870059999999995,0,60.0,40.0,1.1691958962573552,4.290076335877866,0.1491362904406344,1.357050013339185,0.7299540660157794,1.9207132264099438,0.6014672488354393,0.4957602351565876,9.0,1.0,1.5149700349188995,0.5460864822608935,0.6909251322573428,85.30983353378068,0.22940426869419514,1.6467806481236154,1.6143705904196088,2.020989710195363,1.3527205978115957,0.0,0.0,0,0,0,50,0,0,0,0,0
SPOT,2026-08-11,2026-08-11T10:30:00-04:00,2026-08-11T10:30:15-04:00,2026-08-11T15:45:10-04:00,FORCE_EXIT,-0.7005389999999991,0,60.0,25.0,1.0842271231970089,1.7801980198019822,0.25486877176597705,1.0166108401402454,0.8246655305478795,1.9147769225805047,0.015572382379835175,0.801020408163218,6.0,1.0,0.8025498739904191,0.3987372064463369,0.6329916610741517,100,0.19169504194950845,0.7982049291674753,0.9740775068632092,0,1.2302668966894807,0.0,0.0,0,0,0,50,0,0,0,0,0
DKS,2026-08-11,2026-08-11T10:30:10-04:00,2026-08-11T10:30:25-04:00,2026-08-11T15:45:10-04:00,FORCE_EXIT,-0.23528100000000052,0,60.0,30.0,1.391412450989766,1.9170731707317108,0.35897190446561045,1.2489732811518617,1.0532927477412217,2.5974160046952806,0.25341876255140156,0.5346534653465447,7.0,1.0,1.1696308519391838,0.3127431856732065,0.5479085047469738,83.26923076923075,0.1598145705828088,1.0400201667847633,1.537493038909475,1.6778198040927204,0.3080637948658084,0.0,0.0,0,0,0,50,0,0,0,0,0
BRBR,2026-08-13,2026-08-13T10:30:00-04:00,2026-08-13T10:30:15-04:00,2026-08-13T15:45:10-04:00,FORCE_EXIT,-0.14038299999999992,0,60.0,35.0,1.2612612612612504,1.9283746556473742,0.8108108108108096,1.1775362318840652,0.8152173913043628,1.2575258343599476,0.540540540540529,0.9000000000000018,8.0,1.0,1.4708462141144698,0.14195999893596786,0.5970809856567124,69.33333333333327,0.12730744917608963,0.9159964253798016,1.9589977220956705,1.819836214740667,1.8802900916371608,0.0,0.0,0,0,0,50,0,0,0,0,0
AEVA,2026-08-13,2026-08-13T10:32:55-04:00,2026-08-13T10:33:25-04:00,2026-08-13T15:45:10-04:00,FORCE_EXIT,-4.975465,0,62.0,50.0,1.8489378442171613,2.5392986698911835,0.6092767295597389,1.755786113328018,1.296887470071825,2.749730278371091,0.6884343036978644,0.7621951219512144,11.0,1.0,1.8000694957371073,0.08717373935827526,0.8642709835706821,60.738255033557095,0.20212431814337475,1.34777744232716,2.708667736757613,3.0809504631494185,2.90466248937961,0.0,0.0,0,0,0,50,0,0,0,0,0
EROC,2026-08-17,2026-08-17T10:45:45-04:00,2026-08-17T10:46:05-04:00,2026-08-17T12:03:20-04:00,TAKE_PROFIT,1.5827680000000015,1,75.0,55.0,1.6441573693482154,4.583835946924015,0.25951557093426586,2.326968973746999,1.70107398568019,0.9682684422937669,1.262477980035231,0.8765432098765495,12.0,1.0,2.589167578752503,0.07019783512892828,0.7985615179477759,57.549857549857556,0.23556825007808477,1.87144089732528,3.297682709447435,3.2056990204808713,1.5931888336054612,0.0,0.0,0,0,0,50,0,0,0,0,0
FRVO,2026-08-18,2026-08-18T10:30:00-04:00,2026-08-18T10:30:15-04:00,2026-08-18T13:15:20-04:00,TAKE_PROFIT,1.312075,1,60.0,30.0,1.491048829003628,4.404291360813086,0.37858301784748666,2.569455508369825,1.3185146931981038,5.759378982742991,0.3252014894228146,0.5497748874437215,7.0,1.0,1.3614942107920864,0.7130175847993421,0.9839272447558525,88.01317790167256,0.3172934255183405,1.7742456896551722,2.0060456169277185,3.3407572383073374,1.6658802692180237,0.0,0.0,0,0,0,50,0,0,0,0,0
FLY,2026-08-21,2026-08-21T10:30:00-04:00,2026-08-21T10:30:15-04:00,2026-08-21T11:57:20-04:00,TAKE_PROFIT,1.4837599999999966,1,60.0,25.0,1.7747378321961154,2.551127978072951,0.24671052631578422,1.1463109629012178,0.6669445602334312,0.6753077572081508,0.4950454204173127,0.4663108739159393,6.0,1.0,0.9669860682595711,0.02742179647103764,0.18252433291921386,66.66666666666643,0.040379278852024185,1.3223270440251575,1.3279025789156413,0,1.4111448244806861,0.0,0.0,0,0,0,50,0,0,0,0,0
RDDT,2026-08-24,2026-08-24T10:30:00-04:00,2026-08-24T10:30:15-04:00,2026-08-24T15:45:10-04:00,FORCE_EXIT,-0.16167999999999694,0,60.0,35.0,1.017368071220351,2.8820375335120723,0.12377850162866302,1.0067228544256015,0.278752500573891,2.1440820693231224,0.49066044203926334,0.8476848090982894,8.0,1.0,0.9465348011172645,0.04334372777992059,0.26469738982273544,63.821656050955376,0.05197405659861441,1.139436528076,1.3351795074671189,0.6252659835662971,0.827741408008201,0.0,0.0,0,0,0,50,0,0,0,0,0
CIFR,2026-08-26,2026-08-26T10:30:00-04:00,2026-08-26T10:30:15-04:00,2026-08-26T15:45:10-04:00,FORCE_EXIT,-0.14363199999999665,0,60.0,35.0,1.5132798023471339,2.5380064881368924,0.9615384615384465,1.438848920863312,1.1260556771973709,1.945986818240233,0.46324891908585103,0.424999999999988,8.0,1.0,1.583018009295354,0.3344895249301505,0.7590479249904575,75.6097560975607,0.19921335354476818,1.267434715821814,1.7187499999999911,2.616645649432529,1.193488242192931,0.0,0.0,0,0,0,50,0,0,0,0,0
AKAM,2026-08-27,2026-08-27T10:30:00-04:00,2026-08-27T10:30:15-04:00,2026-08-27T15:45:10-04:00,FORCE_EXIT,0.11968399999999946,1,60.0,45.0,1.0288808664259934,1.4621219044137752,0.013509862199406078,1.5661992351120135,1.0061919504644,2.4342880359127914,0.04963898916968125,0.5326086956521746,10.0,1.0,0.8821990835782181,0.09000677116490395,0.3068310051799708,60.70441988950282,0.07976545427205187,0.804268539781172,1.060247542773941,1.3646736649931581,0.3231085636784096,0.0,0.0,0,0,0,50,0,0,0,0,0
FLUT,2026-08-31,2026-08-31T10:30:00-04:00,2026-08-31T10:30:15-04:00,2026-08-31T15:45:10-04:00,FORCE_EXIT,-0.7920870000000022,0,60.0,40.0,1.0588235294117632,2.47738693467337,0.14220565880448782,1.0813746790440437,0.513529527947853,2.0501905951482353,0.10784313725490141,0.2662793512466701,9.0,1.0,1.312681524044806,0.5555051692459636,0.7294194666277474,81.58602150537628,0.2350159580450051,0.9356032165747182,1.3146797638537508,1.9774293418555917,0.6869396287742826,0.0,0.0,0,0,0,50,0,0,0,0,0
MUU,2026-08-31,2026-08-31T10:30:00-04:00,2026-08-31T10:30:15-04:00,2026-08-31T15:45:10-04:00,FORCE_EXIT,0.7926310000000001,1,60.0,25.0,1.675603217158177,3.789183603169128,0.3153003650846413,1.27533783783783,0.8952702702702722,0.7549642996804076,0.9550938337801613,0.875000000000001,6.0,1.0,1.778810077202095,0.1956241054668841,0.6237342109634806,70.661827168121,0.14190561772918098,1.978218913702784,2.4142312579415575,0,1.2141786990999006,0.0,0.0,0,0,0,50,0,0,0,0,0
BW,2026-09-02,2026-09-02T10:30:00-04:00,2026-09-02T10:30:15-04:00,2026-09-02T15:45:10-04:00,FORCE_EXIT,0.9936489999999978,1,60.0,45.0,1.8584703359542516,3.8518518518518485,0.35663338088445584,1.296829971181554,0.7204610951008619,2.154865332491393,0.5003573981415317,0.7272727272727316,10.0,1.0,1.9076503757014793,0.2732819497738168,0.9399371980464555,67.08860759493669,0.20261734247209823,1.3859275053304898,2.700729927007307,3.0029722250691786,0.4229250402929809,0.0,0.0,0,0,0,50,0,0,0,0,0
CEG,2026-09-02,2026-09-02T10:30:00-04:00,2026-09-02T10:30:15-04:00,2026-09-02T15:45:10-04:00,FORCE_EXIT,1.3452320000000029,1,60.0,35.0,1.5976914414414485,1.1227868144522832,1.5919928825622782,1.5772964099635942,1.43458711012775,3.0571439187571032,0.42352899774775454,0.8756666666666509,8.0,1.0,1.2949082952007274,0.29003006330740944,0.6310514304040221,87.96506934761875,0.17059253772877364,0.677992002760324,1.9366184609891055,2.1152883102017452,3.0644707814931254,0.0,0.0,0,0,0,50,0,0,0,0,0
COKE,2026-09-03,2026-09-03T10:31:10-04:00,2026-09-03T10:31:25-04:00,2026-09-03T15:45:10-04:00,FORCE_EXIT,-0.029713999999998464,0,61.0,30.0,1.36159248219067,1.5463917525773196,0.8578680203045674,1.0526585390841137,1.0142403442270207,2.2855235615727887,0.34860809377052376,0.6229508196721243,7.0,1.0,1.0523454608664418,0.13655089859531985,0.3403965541141583,68.09181960284837,0.09874481528687584,0.7937131065622702,1.2357806756796672,1.274274937560528,4.444494470501754,0.0,0.0,0,0,0,50,0,0,0,0,0
AGX,2026-09-04,2026-09-04T10:30:10-04:00,2026-09-04T10:30:25-04:00,2026-09-04T15:45:10-04:00,FORCE_EXIT,-0.4285110000000003,0,60.0,25.0,1.3066037735849105,1.6439936547613265,1.5819342634192477,1.399536672159732,0.699768336079866,0.625593958860333,1.0666273584905612,1.0,6.0,1.0,1.7480551861458054,0.32104513088426184,0.7028137047334779,89.37759336099562,0.18380737070941064,1.0184129053283364,2.571510434076687,0,1.8483154441708014,0.0,0.0,0,0,0,50,0,0,0,0,0
